"","treatment","rate.type","Avg.lnc"
"1","C","GP",1.36597754223569
"2","C","NP",NA
"3","C","R",1.40801443921807
"4","T1","GP",1.3763544977092
"5","T1","NP",NA
"6","T1","R",1.45235436172555
"7","T2","GP",1.35979337854446
"8","T2","NP",NA
"9","T2","R",1.4003116821486
"10","T3","GP",1.35706210457409
"11","T3","NP",NA
"12","T3","R",1.5809928726137
