"","treatment","rate.type","Avgtopt_C"
"1","C","GP",31.2355698903439
"2","C","NP",NA
"3","C","R",-273.150008079039
"4","T1","GP",31.5710848173285
"5","T1","NP",NA
"6","T1","R",-273.150027453709
"7","T2","GP",31.2593990881585
"8","T2","NP",NA
"9","T2","R",-273.150047823278
"10","T3","GP",31.3521700155693
"11","T3","NP",NA
"12","T3","R",-273.151775745253
