"","treatment","rate.type","Avg.Th"
"1","C","GP",307.37095043844
"2","C","NP",NA
"3","C","R",355.965589652541
"4","T1","GP",307.308329867359
"5","T1","NP",NA
"6","T1","R",346.322459153255
"7","T2","GP",307.311447143427
"8","T2","NP",NA
"9","T2","R",359.004094626962
"10","T3","GP",307.198411493216
"11","T3","NP",NA
"12","T3","R",322.865409210573
